Date,Company,earnings_summary,Source
16-01-2016,HDFC Bank,"HDFC Bank reported strong quarterly performance with consistent growth in net profit driven by steady loan expansion and stable net interest margins. The bank continued to focus on retail lending, which remained the key growth driver, while maintaining disciplined risk management practices. Asset quality remained significantly better than industry peers, with low levels of non-performing assets despite rising stress across the broader banking sector. Management emphasized conservative provisioning and strong balance sheet resilience. Deposit growth remained stable, supported by a high CASA ratio, ensuring low-cost funding advantage. The bank continued investing in digital banking capabilities and branch expansion, particularly in semi-urban and rural areas. Overall, the quarter reflected HDFC Bank’s ability to deliver predictable earnings growth, strong asset quality, and operational efficiency, reinforcing its position as a leading private sector lender during a challenging macro environment.",Reuters / Company Filings
23-04-2016,HDFC Bank,"HDFC Bank posted another quarter of stable earnings growth, supported by strong net interest income and improving fee-based income streams. Retail loans continued to dominate the portfolio, contributing to steady margin expansion. The bank maintained tight control over asset quality, with gross NPAs remaining low compared to industry averages. Management highlighted cautious lending to corporate segments, focusing instead on granular retail lending to reduce risk concentration. Operating efficiency remained strong, with controlled cost-to-income ratio and steady expansion in branch network. The bank also strengthened its digital infrastructure to enhance customer acquisition and transaction volumes. Despite macroeconomic uncertainty and stress in the banking system, HDFC Bank continued to demonstrate resilience, supported by its conservative business model and strong underwriting standards, ensuring consistent profitability and long-term growth visibility.",Business Standard
14-01-2017,HDFC Bank,"HDFC Bank reported robust quarterly earnings following the demonetisation period, benefiting from a surge in deposits and increased liquidity across the banking system. Net interest income grew steadily, supported by strong loan growth and improved funding base. The bank saw a significant increase in CASA deposits, enhancing its cost of funds advantage. Asset quality remained stable despite sector-wide stress, reflecting disciplined credit practices. Management highlighted increased adoption of digital banking and electronic transactions following demonetisation, positioning the bank strongly for long-term structural shifts toward formal banking. Retail lending continued to drive growth, while corporate exposure remained carefully managed. Overall, the quarter demonstrated HDFC Bank’s ability to convert macro disruption into opportunity, strengthening its balance sheet and reinforcing its leadership in India’s private banking sector. (Wikipedia)",Economic Times
22-04-2017,HDFC Bank,"HDFC Bank delivered consistent earnings growth with stable margins and strong loan expansion led by retail segments. Net interest income growth remained healthy, supported by steady credit demand and efficient liability management. Asset quality continued to outperform peers, with minimal increase in NPAs despite broader stress in the banking sector. The bank maintained a cautious stance on corporate lending while expanding retail and SME portfolios. Operational efficiency remained strong, supported by controlled costs and improved productivity. Management continued to invest in digital platforms and customer acquisition strategies to enhance long-term growth. The quarter reflected HDFC Bank’s disciplined execution and ability to maintain stability in a challenging environment, reinforcing investor confidence in its consistent performance trajectory.",Reuters
20-01-2018,HDFC Bank,"HDFC Bank reported strong quarterly earnings with double-digit growth in net profit driven by robust loan growth and stable margins. Retail lending remained the primary growth driver, while corporate lending was selectively expanded. Asset quality remained strong, with low levels of NPAs and adequate provisioning coverage. The bank continued to maintain a high CASA ratio, supporting low-cost funding and margin stability. Management highlighted continued focus on digital banking expansion and operational efficiency improvements. The bank also strengthened its presence in semi-urban and rural markets, capturing new growth opportunities. Overall, the quarter demonstrated HDFC Bank’s ability to sustain high-quality growth, maintain superior asset quality, and deliver consistent financial performance despite sectoral challenges. (HDFC Bank)",Company Filings
20-04-2019,HDFC Bank,"HDFC Bank reported steady earnings growth supported by strong net interest income and consistent loan expansion across retail segments. The bank maintained stable margins and continued to benefit from its strong liability franchise. Asset quality remained robust, with minimal slippages and controlled NPAs despite economic slowdown concerns. Management emphasized continued focus on retail lending and risk-adjusted growth strategies. Fee income and digital transactions contributed positively to overall performance. The bank also expanded its distribution network and strengthened its digital capabilities to enhance customer engagement. Overall, the quarter highlighted HDFC Bank’s resilience and ability to maintain stable growth and profitability in a moderating economic environment.",Reuters
18-01-2020,HDFC Bank,"HDFC Bank reported strong quarterly performance with healthy growth in net profit driven by robust loan growth and stable margins. Retail lending continued to dominate, while corporate exposure remained cautiously managed. Asset quality remained strong with low NPAs and adequate provisioning. The bank maintained strong capital adequacy and liquidity position. Management highlighted continued investments in digital banking and customer acquisition. Despite broader economic slowdown, the bank continued to deliver consistent growth supported by its diversified loan portfolio and strong operational efficiency. Overall, the quarter reinforced HDFC Bank’s position as a stable and high-quality banking franchise with predictable earnings visibility.",Economic Times
18-07-2020,HDFC Bank,"HDFC Bank reported resilient earnings during the COVID-19 period, supported by stable net interest income and controlled costs. Loan growth moderated due to economic slowdown, but asset quality remained relatively stable compared to peers. The bank increased provisions to account for potential stress, reflecting prudent risk management. Retail portfolio continued to provide stability, while corporate lending remained selective. Management emphasized strong liquidity position and capital buffers to navigate uncertainty. Digital banking adoption accelerated significantly, with increased transaction volumes and customer engagement. Despite pandemic-related challenges, HDFC Bank demonstrated operational resilience and maintained profitability, reinforcing its reputation as a defensive banking franchise in times of economic stress.",Reuters
17-07-2021,HDFC Bank,"HDFC Bank reported strong quarterly performance as the economy recovered from pandemic disruptions. Net interest income showed steady growth supported by improving loan demand, particularly in retail and SME segments. Asset quality remained stable, although the bank continued to maintain elevated provisioning levels as a precaution against potential stress from the second COVID wave. Deposit growth remained strong, supported by a healthy CASA ratio, ensuring low-cost funding. Management highlighted gradual normalization in credit demand and improved collection efficiency across segments. Digital banking continued to gain traction, with increased customer engagement and transaction volumes. The bank maintained a cautious stance on unsecured lending while focusing on secured retail products. Overall, the quarter reflected a transition phase from pandemic stress toward recovery, with HDFC Bank maintaining strong balance sheet discipline and positioning itself for sustainable growth. (HDFC Bank)",Company Filings
15-01-2022,HDFC Bank,"HDFC Bank reported stable earnings growth with strong net interest income driven by improving credit growth and stable margins. The bank continued to benefit from its strong retail franchise, with loans growing across housing, auto, and personal segments. Asset quality improved sequentially, with lower slippages and better recovery trends. Provisions remained elevated but showed signs of normalization compared to pandemic peaks. Management emphasized a calibrated approach to growth, focusing on risk-adjusted returns rather than aggressive expansion. Digital initiatives and customer acquisition strategies continued to strengthen the bank’s competitive position. The bank also focused on improving operational efficiency and cost management. Overall, the quarter demonstrated HDFC Bank’s ability to maintain consistent growth and gradually improve asset quality as economic conditions stabilized post-pandemic. (Enrich Money)",Economic Times
16-07-2022,HDFC Bank,"HDFC Bank delivered strong quarterly earnings supported by robust loan growth and stable margins. Retail lending remained the primary growth driver, while corporate lending showed gradual recovery. Asset quality improved further with declining NPAs and strong provisioning buffers. The bank maintained strong liquidity and capital adequacy, supporting future growth. Management highlighted improving economic conditions and rising credit demand across sectors. Digital banking continued to expand, contributing to operational efficiency and customer engagement. The bank also focused on cross-selling and deepening relationships with existing customers. Overall, the quarter reflected strong execution, improved asset quality, and a stable growth trajectory, reinforcing HDFC Bank’s position as a leading private sector lender. (HDFC Bank)",Company Filings
15-04-2023,HDFC Bank,"HDFC Bank reported steady earnings growth with strong net interest income supported by robust loan growth and stable margins. Asset quality remained strong with low NPAs and controlled slippages. The bank focused on maintaining a balanced loan portfolio with continued emphasis on retail lending. Management highlighted preparations for the upcoming merger with HDFC Ltd, including alignment of systems, processes, and balance sheet structures. Deposit growth remained stable, though competition for deposits increased. The bank continued investing in digital infrastructure and expanding its branch network. Overall, the quarter reflected stable performance ahead of a major structural transition, with the bank maintaining strong fundamentals and preparing for large-scale integration.",Reuters
17-07-2023,HDFC Bank,"HDFC Bank reported its first quarterly results after the merger with HDFC Ltd, reflecting a significantly expanded balance sheet and loan portfolio. Net interest income increased strongly, though margins faced pressure due to higher cost of funds. Asset quality remained stable, but integration challenges impacted operational efficiency. Management highlighted focus on aligning liquidity, systems, and regulatory requirements following the merger. Deposit growth became a key focus area due to increased funding needs. The bank continued to invest in technology and customer integration. Overall, the quarter marked a transformational phase, with strong scale benefits but short-term pressure on margins and efficiency due to integration complexities. (HDFC Bank)",Company Filings
14-01-2024,HDFC Bank,"HDFC Bank reported stable earnings growth post-merger, though margins remained under pressure due to higher funding costs and liquidity adjustments. Loan growth remained strong, particularly in retail segments, while deposit growth lagged, creating temporary imbalance. Asset quality remained controlled with low NPAs and adequate provisioning. Management emphasized improving deposit mobilization and optimizing balance sheet structure. Integration efforts continued, with focus on cost efficiencies and operational alignment. Digital banking and customer acquisition remained key priorities. Overall, the quarter reflected post-merger stabilization, with the bank navigating short-term challenges while maintaining long-term growth trajectory.",Business Standard
20-04-2024,HDFC Bank,"HDFC Bank reported strong profit growth with improved net interest income and stable asset quality. The bank continued to manage post-merger integration effectively, though margin pressures persisted due to cost of funds. Loan growth remained robust across retail and corporate segments. Deposit growth improved gradually, helping ease liquidity concerns. Management highlighted focus on improving operational efficiency and achieving synergy benefits from the merger. The bank also continued investments in digital infrastructure and customer experience. Overall, the quarter reflected improving stability and gradual normalization after the merger, with strong profitability and balanced growth outlook. (ICICI Direct)",Company Filings
19-07-2025,HDFC Bank,"HDFC Bank reported steady earnings growth with net profit increasing around 12% year-on-year, supported by growth in net interest income and stable loan expansion. Margins remained under pressure due to higher funding costs, while provisioning increased significantly, reflecting cautious stance on potential risks. Deposit growth improved, helping support balance sheet expansion. The bank announced bonus shares and dividend, signaling confidence in long-term growth. Management emphasized focus on improving efficiency and optimizing post-merger operations. Digital banking continued to drive customer engagement. Overall, the quarter reflected stable performance with improving balance sheet dynamics, though profitability remained influenced by provisioning and funding cost pressures. (Bajaj Broking)",Company Filings
09-04-2015,TCS,"TCS reported steady quarterly performance with moderate revenue growth driven by strong demand from global clients, particularly in BFSI and retail sectors. The company maintained industry-leading operating margins supported by cost discipline and efficient delivery models. However, growth showed signs of moderation due to global macro uncertainties and currency fluctuations impacting client spending. Digital services were still in early stages but management highlighted increasing investments in cloud, analytics, and automation to prepare for future demand. Deal pipeline remained strong, with consistent large contract wins supporting revenue visibility. Employee utilization and productivity remained stable, while attrition levels were under control. Overall, the quarter reflected TCS’s position as a stable and highly profitable IT services leader, maintaining consistent growth despite emerging global headwinds and transition toward new technology-driven services.",Company Filings / Reuters
15-01-2016,TCS,"TCS reported strong earnings growth with stable revenue expansion supported by continued demand for outsourcing and IT services across global markets. The company maintained high operating margins through cost optimization and efficient project execution. Digital services began contributing meaningfully to growth, with increasing client demand for cloud, automation, and analytics solutions. However, management highlighted pricing pressures in traditional IT services due to automation trends. The deal pipeline remained robust, with strong order bookings ensuring future revenue visibility. Employee headcount increased steadily, reflecting business expansion, while productivity improvements helped maintain margins. Overall, the quarter demonstrated TCS’s ability to adapt to evolving technology trends while sustaining strong financial performance and maintaining leadership in the global IT services industry. (CompaniesMarketCap)",Economic Times
18-04-2017,TCS,"TCS reported steady performance with moderate revenue growth as global IT spending remained cautious. Digital services emerged as a key growth driver, contributing significantly to new deal wins and client engagements. Traditional services experienced slower growth due to automation and changing client requirements. Operating margins remained stable, supported by cost control and operational efficiency. Management emphasized strong deal pipeline and increasing adoption of digital transformation projects across industries. The company continued to invest in talent and technology capabilities to strengthen its digital portfolio. Overall, the quarter reflected a transition phase where TCS was gradually shifting from traditional outsourcing to digital-led growth, maintaining stability while adapting to structural changes in the IT services industry.",Reuters
10-07-2017,TCS,"TCS reported stable quarterly earnings with consistent revenue growth supported by strong deal wins and expansion in digital services. The company maintained strong operating margins despite pricing pressures in legacy services. Management highlighted increasing demand for cloud, analytics, and enterprise transformation solutions. The deal pipeline remained healthy, ensuring revenue visibility. Employee utilization improved, contributing to operational efficiency. However, growth remained moderate due to global economic uncertainties and cautious client spending. The company continued to invest in innovation and automation capabilities to stay competitive. Overall, the quarter reflected steady execution and gradual transformation toward digital services, reinforcing TCS’s leadership position in the global IT services market.",Business Standard
19-04-2018,TCS,"TCS reported strong quarterly performance with improved revenue growth driven by robust demand for digital services. Digital revenues contributed significantly to overall growth, reflecting successful transition toward next-generation technologies. Operating margins remained strong despite increased investments in talent and technology. The company reported strong deal wins across geographies, particularly in North America and Europe. Management highlighted increasing client demand for large transformation projects involving cloud, analytics, and automation. Employee headcount increased, supporting business expansion. Overall, the quarter marked a turning point where digital services became a major growth driver, enhancing TCS’s growth trajectory and strengthening its competitive position in the evolving IT services landscape. (Tata Consultancy Services)",Company Filings
12-01-2019,TCS,"TCS delivered strong earnings with consistent revenue growth and stable margins, supported by large deal wins and expansion in digital services. The company benefited from strong client demand across BFSI, retail, and manufacturing sectors. Digital services continued to grow rapidly, contributing a significant share of revenues. Operating efficiency remained strong, with stable cost structure and improved productivity. Management highlighted strong pipeline of large transformation deals and continued investment in innovation. The company maintained high cash generation and shareholder returns. Overall, the quarter reflected strong execution, stable growth, and increasing dominance in digital transformation services, reinforcing TCS’s position as a global IT leader. (CompaniesMarketCap)",Economic Times
12-07-2019,TCS,"TCS reported steady growth with strong performance in digital services, which continued to drive revenue expansion. Traditional IT services showed stable but slower growth due to changing client preferences. Operating margins remained healthy, supported by cost optimization and efficient delivery models. The company reported strong deal wins and a robust pipeline, ensuring future growth visibility. Management emphasized continued investments in digital capabilities and client relationships. Employee metrics remained stable, with controlled attrition and strong productivity. Overall, the quarter reflected a balanced growth trajectory, with digital services leading the transformation while maintaining stability in core operations.",Reuters
09-04-2020,TCS,"TCS reported resilient performance despite emerging COVID-19 disruptions, with stable revenue and strong operating margins. The company quickly transitioned to remote working model, ensuring business continuity across global operations. Demand for digital services remained strong, particularly in cloud and remote infrastructure solutions. However, management highlighted uncertainty in client spending due to global economic slowdown. The deal pipeline remained healthy but decision-making cycles lengthened. Cost control measures helped maintain profitability. Overall, the quarter demonstrated TCS’s operational resilience and ability to adapt quickly to unprecedented disruptions while maintaining stable financial performance.",Company Filings
09-07-2020,TCS,"TCS reported stable earnings during peak COVID-19 impact, with modest revenue growth and strong margin performance. Digital services demand increased significantly as clients accelerated technology adoption. However, traditional services faced slowdown due to reduced discretionary spending. The company maintained strong cash flows and operational efficiency. Management highlighted cautious outlook due to global uncertainty but expressed confidence in long-term digital demand. Workforce transitioned largely to remote model, ensuring continuity. Overall, the quarter reflected resilience and adaptability, with TCS maintaining stability despite global disruptions and positioning itself for recovery driven by digital transformation demand. (Tata Consultancy Services)",Reuters
12-07-2021,TCS,"TCS reported strong quarterly performance driven by robust demand for digital services as global enterprises accelerated technology adoption post-COVID. Revenue growth was broad-based across geographies and industry verticals, particularly in BFSI and retail. Operating margins remained stable despite increased hiring and wage pressures. The company reported strong deal wins, with a healthy pipeline of large transformation contracts, ensuring future revenue visibility. Digital services, including cloud, analytics, and automation, contributed significantly to growth, becoming the primary driver of revenue expansion. Management highlighted strong client engagement and increased spending on digital transformation initiatives. Employee headcount increased significantly to support growth, while attrition levels started rising due to industry-wide talent demand. Overall, the quarter reflected peak demand conditions in the IT services industry, with TCS benefiting from strong global technology spending and maintaining its leadership position.",Company Filings
12-01-2022,TCS,"TCS reported strong earnings with continued revenue growth supported by large deal wins and sustained demand for digital services. The company maintained stable operating margins despite rising employee costs and supply-side challenges. Demand remained strong across major markets, particularly North America and Europe. Digital transformation projects continued to drive growth, with clients investing in cloud migration, automation, and analytics solutions. However, management highlighted increasing attrition levels and wage inflation as key challenges. The company continued to invest in hiring and training to address talent shortages. Despite these pressures, TCS maintained strong profitability and operational efficiency. Overall, the quarter demonstrated continued momentum in global IT spending, with TCS executing well and sustaining growth in a favorable demand environment.",Economic Times
11-04-2022,TCS,"TCS reported its highest-ever annual revenue with strong quarterly performance, driven by large deal wins and broad-based growth across sectors. Digital services remained the key growth driver, contributing a significant share of revenue. Operating margins were slightly impacted by increased hiring and salary hikes but remained within a stable range. The company reported strong order bookings, ensuring revenue visibility for future quarters. Management highlighted continued demand for transformation programs, particularly in cloud and enterprise modernization. However, early signs of macro uncertainty emerged, with clients showing caution in discretionary spending. Overall, the quarter reflected peak growth conditions, with TCS delivering strong financial performance while beginning to prepare for potential moderation in demand.",Company Filings
12-07-2023,TCS,"TCS reported moderate revenue growth with signs of slowdown in global IT demand, particularly in discretionary spending segments. While digital services continued to grow, clients became more cautious in decision-making due to macroeconomic uncertainties. Operating margins remained stable but faced pressure from wage inflation and lower utilization. The company continued to report strong deal wins, though conversion cycles lengthened. Management emphasized focus on cost control, efficiency, and large deal execution. BFSI and manufacturing sectors remained relatively resilient, while retail and technology segments showed weakness. Overall, the quarter marked the beginning of demand normalization after the post-COVID boom, with TCS maintaining stability despite emerging headwinds. (Tata Consultancy Services)",Company Filings
11-10-2023,TCS,"TCS reported steady performance with continued deal wins but slower revenue growth due to global macroeconomic challenges. Clients remained cautious on discretionary spending, impacting short-term growth. Digital services continued to drive business, though at a slower pace compared to previous years. Operating margins remained stable, supported by cost optimization initiatives. Management highlighted strong pipeline of large deals and long-term demand for digital transformation. The company focused on improving productivity and managing costs amid uncertain demand environment. Overall, the quarter reflected resilience in execution but highlighted ongoing slowdown in global IT spending, requiring a more cautious growth strategy. (Tata Consultancy Services)",Company Filings
11-01-2024,TCS,"TCS reported moderate earnings growth with continued pressure on revenue due to delayed client spending and cautious demand environment. While digital services remained the core growth driver, overall growth slowed compared to previous years. Operating margins were impacted by pricing pressures and lower utilization. The company continued to secure large deals, ensuring long-term visibility despite short-term challenges. Management emphasized focus on cost efficiency, automation, and improving productivity. BFSI sector remained stable, while retail and technology sectors continued to show weakness. Overall, the quarter reflected ongoing normalization in IT spending, with TCS maintaining stability but facing growth headwinds.",Reuters
11-07-2024,TCS,"TCS reported steady revenue growth with continued demand for digital services, though overall growth remained moderate due to global uncertainties. The company benefited from strong deal pipeline and expansion in emerging markets. Operating margins remained stable despite ongoing cost pressures. Management highlighted increasing focus on artificial intelligence and data-driven solutions as key growth areas. Client spending showed signs of stabilization, though discretionary projects remained subdued. The company continued to invest in talent and innovation to support future growth. Overall, the quarter reflected gradual stabilization in demand, with TCS positioning itself for next phase of growth driven by AI and digital transformation. (Tata Consultancy Services)",Company Filings
09-01-2025,TCS,"TCS reported stable earnings with moderate revenue growth supported by steady demand and strong deal wins. The company continued to face pressure from cautious client spending and slower decision-making cycles. Digital services and AI-led solutions emerged as key growth drivers, with increasing adoption across industries. Operating margins remained stable, supported by cost optimization measures. Management highlighted focus on improving efficiency and expanding AI capabilities. Overall, the quarter reflected a stable but slower growth environment, with TCS adapting to structural changes in global IT spending patterns. (Upstox - Online Stock and Share Trading)",Economic Times
10-04-2025,TCS,"TCS reported steady quarterly performance with moderate revenue growth and stable margins. The company continued to benefit from strong deal pipeline and increasing adoption of AI and automation services. However, overall growth remained constrained by macroeconomic uncertainties and cautious client spending. Management emphasized focus on long-term growth drivers, including AI, cloud, and enterprise transformation. The company maintained strong cash flows and continued shareholder returns through dividends. Overall, the quarter reflected stable execution in a challenging environment, with TCS gradually transitioning toward AI-led growth strategy while managing near-term demand pressures. (Tata Consultancy Services)",Company Filings
30-04-2016,ICICI Bank,"ICICI Bank reported moderate quarterly performance with pressure on profitability due to rising provisions for bad loans. Corporate lending stress continued to impact asset quality, with increasing non-performing assets reflecting broader challenges in India’s banking sector. Net interest income showed stable growth, but margins remained under pressure. The bank continued to focus on expanding its retail loan portfolio to balance risks associated with corporate exposure. Management emphasized cautious lending practices and strengthening of provisioning buffers to manage potential credit losses. Operational efficiency remained stable, though profitability was affected by higher credit costs. Overall, the quarter reflected early signs of stress in the bank’s balance sheet, with asset quality concerns beginning to dominate performance despite stable core income growth.",Reuters
27-07-2017,ICICI Bank,"ICICI Bank reported a decline in quarterly profit due to elevated provisions and rising bad loans in its corporate portfolio. Net profit fell year-on-year, though it slightly exceeded analyst expectations. Gross NPAs increased significantly, highlighting continued stress in large corporate exposures. Retail lending grew steadily, helping partially offset corporate weakness. Management maintained focus on improving asset quality and reducing risk concentration by shifting toward retail and SME segments. The bank also emphasized strengthening its balance sheet through higher provisioning coverage. Operational metrics remained stable, but profitability was impacted by credit costs. Overall, the quarter highlighted ongoing challenges in asset quality and the need for strategic realignment toward safer lending segments. (The Times of India)",Economic Times
30-01-2019,ICICI Bank,"ICICI Bank reported a decline in quarterly profit, missing analyst expectations due to significantly higher provisions for bad loans. The bank continued to deal with legacy corporate stress, which impacted overall profitability. Asset quality remained under pressure, though management highlighted gradual stabilization in new slippages. Retail lending continued to grow, contributing to revenue stability. The bank maintained strong capital adequacy and liquidity position to absorb potential losses. Management emphasized ongoing efforts to clean up the balance sheet and improve governance following leadership changes. Overall, the quarter reflected a transition phase, with profitability impacted by clean-up measures while underlying business fundamentals showed early signs of stabilization. (Reuters)",Reuters
20-04-2019,ICICI Bank,"ICICI Bank reported improving performance with better asset quality trends and reduced slippages compared to previous quarters. Net interest income showed steady growth supported by retail loan expansion. Provisions remained elevated but began to stabilize, indicating progress in balance sheet clean-up. Management highlighted improved underwriting standards and stronger risk controls under new leadership. The bank continued to focus on granular retail lending and fee-based income streams. Operational efficiency improved, and investor confidence gradually strengthened. Overall, the quarter marked the beginning of recovery, with improving fundamentals and a clearer strategic direction toward sustainable growth and risk management.",Business Standard
25-01-2020,ICICI Bank,"ICICI Bank reported strong quarterly earnings with significant improvement in profitability driven by lower provisions and better asset quality. Net interest income grew steadily, supported by strong retail loan growth. Gross NPAs declined, reflecting successful clean-up of the balance sheet. The bank maintained strong capital adequacy and improved return ratios. Management emphasized continued focus on risk-adjusted growth and operational efficiency. Digital banking initiatives gained traction, enhancing customer engagement. Overall, the quarter reflected a clear turnaround, with ICICI Bank transitioning from a stressed balance sheet to a stable and profitable growth trajectory.",Reuters
25-07-2020,ICICI Bank,"ICICI Bank reported resilient performance during the COVID-19 period, with stable profitability supported by strong net interest income and controlled costs. The bank increased provisions to account for potential stress arising from the pandemic, reflecting a cautious approach. Retail lending remained the primary growth driver, while corporate lending was managed conservatively. Asset quality remained relatively stable compared to peers, supported by strong underwriting practices. Digital banking adoption accelerated significantly, with increased transaction volumes and customer engagement. Overall, the quarter demonstrated ICICI Bank’s improved resilience and stronger balance sheet, enabling it to navigate economic uncertainty effectively while maintaining operational stability.",Economic Times
24-04-2021,ICICI Bank,"ICICI Bank reported strong quarterly performance, marking a clear continuation of its turnaround story. Net profit grew significantly, supported by lower provisioning and improving asset quality across the loan book. Retail lending remained the key growth driver, with strong traction in housing, auto, and personal loans. Corporate stress reduced meaningfully, with lower slippages and improved recovery trends. Net interest income showed healthy growth, supported by stable margins and strong loan expansion. The bank maintained strong capital adequacy and liquidity, positioning itself well for growth. Management highlighted continued focus on risk-adjusted lending and improving operational efficiency. Digital banking adoption increased significantly, with strong growth in transactions and customer acquisition. Overall, the quarter reflected a transition from recovery to growth, with ICICI Bank emerging as a stronger and more stable franchise.",Reuters / Company Filings
23-10-2021,ICICI Bank,"ICICI Bank reported robust earnings growth driven by strong net interest income and improving asset quality. Loan growth accelerated across retail and SME segments, while corporate exposure remained well-controlled. Gross NPAs declined further, reflecting sustained improvement in credit quality. Provisions reduced compared to earlier periods, supporting profitability expansion. The bank continued to benefit from its strong liability franchise, maintaining stable funding costs. Management emphasized continued focus on granular retail lending and digital transformation initiatives. Operating efficiency improved, supported by technology investments and cost control measures. Overall, the quarter reflected strong execution, with ICICI Bank consolidating its position as one of the best-performing private sector banks in India.",Reuters
22-01-2022,ICICI Bank,"ICICI Bank delivered strong quarterly earnings with continued improvement in asset quality and profitability. Net interest income grew steadily, supported by strong loan growth and stable margins. Retail lending remained the primary driver, with healthy growth across segments. NPAs declined further, indicating successful balance sheet clean-up. The bank maintained strong provisioning coverage and capital buffers. Management highlighted increasing demand for credit as economic activity normalized post-pandemic. Digital banking continued to scale, contributing to customer engagement and operational efficiency. Overall, the quarter reflected sustained growth momentum, with ICICI Bank benefiting from improved credit quality and a well-diversified loan portfolio.",Business Standard
23-07-2022,ICICI Bank,"ICICI Bank reported strong earnings growth supported by robust loan expansion and stable margins. Retail and SME segments continued to drive growth, while corporate lending showed gradual improvement. Asset quality strengthened further with declining NPAs and lower credit costs. The bank maintained strong deposit growth, supporting balance sheet expansion. Management emphasized disciplined underwriting and focus on high-quality assets. Digital initiatives continued to enhance efficiency and customer experience. Operating performance remained strong, with improving return ratios. Overall, the quarter reflected consistent growth and strengthening fundamentals, positioning ICICI Bank as a leading performer in the banking sector.",Economic Times
22-04-2023,ICICI Bank,"ICICI Bank reported strong quarterly performance with significant growth in net profit driven by robust net interest income and controlled credit costs. Loan growth remained strong across retail and corporate segments, supported by improving economic conditions. Asset quality remained stable with low NPAs and strong provisioning coverage. The bank continued to benefit from strong demand for retail loans and improved operating efficiency. Management highlighted focus on maintaining growth while preserving asset quality. Digital banking and analytics-driven lending continued to support business expansion. Overall, the quarter reflected strong fundamentals and consistent execution, with ICICI Bank maintaining its leadership in profitability and growth.",Mint
20-01-2024,ICICI Bank,"ICICI Bank reported stable earnings with continued growth in net interest income and steady asset quality. Loan growth remained healthy, supported by retail and SME segments. However, margin pressures began to emerge due to rising cost of funds and competitive deposit environment. The bank maintained strong profitability, supported by operational efficiency and lower credit costs. Management emphasized focus on deposit mobilization and maintaining balance between growth and margins. Digital banking continued to expand, enhancing customer experience. Overall, the quarter reflected a stable performance with early signs of margin normalization after a strong growth cycle.",Business Standard
19-04-2025,ICICI Bank,"ICICI Bank reported strong quarterly earnings with record net profit driven by healthy loan growth and strong net interest income. Loan growth remained robust, particularly in retail segments, while asset quality stayed stable with low NPAs. However, net interest margins showed slight compression due to rising deposit costs. The bank maintained strong capital adequacy and liquidity. Management highlighted continued focus on growth, efficiency, and risk management. Strong deal pipeline and customer acquisition supported future growth visibility. Overall, the quarter reflected strong operational performance, though margin pressures indicated evolving challenges in funding environment. (Reuters)",Reuters
19-07-2025,ICICI Bank,"ICICI Bank reported strong quarterly performance with net profit rising around 15%, supported by robust loan growth and improving core lending income. Net interest income increased significantly, driven by expansion in domestic loans and strong retail demand. Asset quality remained stable, with low NPAs and controlled credit costs. The bank continued to strengthen its balance sheet with strong deposit growth. Management highlighted focus on sustaining growth momentum while maintaining asset quality. Digital banking and analytics-driven lending remained key growth drivers. Overall, the quarter reflected strong execution and continued leadership in the banking sector. (Reuters)",Reuters
18-10-2025,ICICI Bank,"ICICI Bank reported steady earnings growth with improvement in net interest income supported by loan growth across segments. However, treasury income declined due to adverse bond market conditions, impacting overall profitability. Loan growth remained strong in SME and business banking segments, while retail growth moderated. Asset quality remained stable with low NPAs. Management highlighted focus on managing interest rate risks and maintaining balance sheet strength. Overall, the quarter reflected stable core performance, though external market conditions impacted non-core income streams. (Reuters)",Reuters
19-01-2016,Reliance Industries,"Reliance Industries reported strong quarterly earnings supported by robust performance in its refining and petrochemical businesses. Net profit increased driven by higher refining margins and improved operational efficiency. The company benefited from favorable global crude price dynamics, which supported margins in its core oil-to-chemicals segment. However, capital expenditure remained elevated due to ongoing investments in its telecom venture, Jio, which was nearing commercial launch. Management highlighted strong cash flows from core businesses, which were being reinvested into future growth areas. Retail business also showed steady expansion, contributing to diversification. Overall, the quarter reflected a stable performance from traditional energy segments while the company prepared for a major strategic shift toward telecom and digital services, supported by significant investments and long-term growth vision. (Moneycontrol)",Reuters / Company Filings
29-04-2016,Reliance Industries,"Reliance Industries reported steady earnings growth with strong contribution from refining and petrochemicals, while retail business continued to expand rapidly. Profitability remained stable, supported by operational efficiencies and favorable product margins. However, overall return ratios were impacted by heavy investments in Jio, reflecting a transition phase in the business model. Management emphasized that telecom operations would play a significant role in future growth, with large-scale infrastructure and spectrum investments nearing completion. The company continued to maintain strong balance sheet strength despite high capital expenditure. Overall, the quarter reflected a mix of stable legacy business performance and strategic investment-driven pressure, as Reliance positioned itself for entry into the digital and telecom space.",Economic Times
21-07-2017,Reliance Industries,"Reliance Industries reported strong earnings with improving contribution from its telecom arm, Jio, which saw rapid subscriber growth after its commercial launch. Core refining and petrochemical businesses continued to deliver stable performance, supporting overall profitability. Jio emerged as a key growth driver, though initial profitability remained modest due to promotional pricing strategies. The company reported strong operating cash flows, enabling continued investments in telecom infrastructure and expansion. Retail business also showed strong growth, benefiting from increased consumer demand. Management highlighted the transformation of Reliance into a consumer-focused and technology-driven company. Overall, the quarter marked a structural shift, with telecom beginning to play a meaningful role alongside traditional energy businesses. (Reliance Industries Limited)",Company Filings
27-04-2018,Reliance Industries,"Reliance Industries reported record quarterly profit driven by strong performance in petrochemicals, refining, and significant improvement in telecom and retail segments. Jio achieved profitability in its first full year of operations, supported by rapid subscriber growth and increasing data consumption. Retail business also delivered strong growth with expansion in store network and revenues. Despite high capital expenditure, the company maintained strong cash generation. Management highlighted increasing contribution from consumer-facing businesses, signaling a strategic shift away from pure energy dependence. Overall, the quarter reflected a major inflection point, with telecom and retail emerging as strong growth engines alongside traditional businesses. (The Times of India)",Business Standard / Reuters
18-01-2019,Reliance Industries,"Reliance Industries reported strong earnings with continued growth in refining and petrochemical segments, while telecom and retail businesses gained further momentum. Jio subscriber base expanded rapidly, contributing significantly to revenue growth, while retail business scaled operations across formats. Operating margins remained stable, supported by diversified business mix. The company continued to invest in digital infrastructure and retail expansion, strengthening its consumer-focused strategy. Management emphasized transformation into a technology and retail-driven conglomerate. Overall, the quarter reflected balanced growth across segments, with increasing contribution from new-age businesses reducing reliance on traditional energy operations.",Reuters
19-04-2019,Reliance Industries,"Reliance Industries delivered steady earnings growth supported by strong performance in petrochemicals and refining, while Jio and retail segments continued rapid expansion. Telecom revenues improved with higher subscriber base and increasing data usage. Retail business showed strong revenue growth driven by store expansion and consumer demand. The company maintained strong operating cash flows despite ongoing investments. Management highlighted continued focus on scaling consumer businesses and enhancing digital ecosystem. Overall, the quarter reinforced Reliance’s transformation into a diversified conglomerate with multiple growth engines beyond energy.",Business Standard
17-01-2020,Reliance Industries,"Reliance Industries reported strong quarterly earnings with significant contribution from telecom and retail segments alongside stable performance in oil-to-chemicals business. Jio continued to expand its subscriber base and improve monetization, while retail business delivered strong growth. The company maintained stable margins despite volatility in global energy markets. Management emphasized continued focus on digital ecosystem and consumer businesses as key growth drivers. Capital expenditure remained high but was supported by strong cash flows. Overall, the quarter reflected a well-diversified growth model, with Reliance successfully transitioning toward a consumer and technology-driven business structure.",Economic Times
30-04-2020,Reliance Industries,"Reliance Industries reported resilient performance during COVID-19 disruptions, supported by strong growth in telecom and retail segments, which offset weakness in oil-to-chemicals business due to lower demand and crude price volatility. Jio continued to see strong subscriber additions and data usage growth, while retail adapted through digital channels. The company raised significant capital through stake sales in Jio Platforms, strengthening its balance sheet and reducing debt. Management highlighted strategic focus on deleveraging and accelerating digital transformation. Overall, the quarter reflected resilience and strategic execution, with Reliance leveraging its diversified business model to navigate economic uncertainty while strengthening its long-term growth position. (Reliance Industries Limited)",Reuters / Company Filings
20-07-2021,Reliance Industries,"Reliance Industries reported strong quarterly performance driven by continued momentum in its digital and retail businesses. Jio Platforms recorded strong subscriber additions and rising average revenue per user, supporting steady revenue growth. Retail business showed robust expansion with strong consumer demand and store additions. The oil-to-chemicals (O2C) segment recovered gradually as global demand improved post-pandemic, though margins remained below peak levels. The company maintained strong cash flows and reduced net debt significantly following earlier capital raises. Management emphasized a balanced growth strategy across energy, digital, and retail segments, with increasing focus on building a consumer-driven ecosystem. Overall, the quarter reflected a recovery phase with diversified growth drivers, reducing reliance on traditional energy businesses and strengthening Reliance’s transformation into a multi-segment conglomerate.",Company Filings
21-01-2022,Reliance Industries,"Reliance Industries reported strong earnings supported by robust growth in Jio and retail segments, along with recovery in O2C business due to improving global energy demand. Net profit increased driven by higher refining margins and strong telecom performance. Jio continued to expand its subscriber base and improve monetization, while retail delivered strong revenue growth supported by consumption recovery. Operating margins remained stable, though cost pressures began to emerge. Management highlighted continued investments in digital platforms and new energy initiatives, including renewable energy projects. Overall, the quarter reflected strong execution across segments, with Reliance benefiting from both cyclical recovery in energy and structural growth in consumer businesses.",Economic Times
22-04-2022,Reliance Industries,"Reliance Industries reported strong annual and quarterly performance with significant contribution from all business segments. The O2C segment benefited from higher refining margins and strong global demand, driving profitability. Jio and retail businesses continued to deliver consistent growth, contributing a larger share to overall earnings. The company maintained strong cash generation and continued investments in new energy initiatives, including solar and hydrogen projects. Management emphasized long-term strategy of reducing dependence on fossil fuels and expanding into clean energy. Overall, the quarter reflected peak performance driven by favorable energy cycle and strong execution in digital and retail segments, positioning Reliance for future growth.",Company Filings
21-07-2023,Reliance Industries,"Reliance Industries reported steady earnings with moderate growth as global macroeconomic conditions softened. The O2C segment faced pressure due to lower margins and weaker demand in global markets. However, Jio and retail businesses continued to perform strongly, providing stability to overall earnings. Digital services saw improved monetization, while retail benefited from strong consumer demand and operational efficiencies. Management highlighted focus on cost control and efficiency amid uncertain global environment. Investments in new energy and digital infrastructure continued. Overall, the quarter reflected a shift where consumer and digital businesses played a larger role in sustaining earnings amid weakness in traditional energy operations.",Reuters
27-10-2023,Reliance Industries,"Reliance Industries reported stable quarterly performance with continued growth in telecom and retail segments, offsetting weakness in the O2C business. Digital services remained a key driver, supported by subscriber growth and improved pricing. Retail business expanded across formats, contributing significantly to revenue. However, energy segment margins remained under pressure due to global market conditions. Management emphasized long-term investments in renewable energy and digital platforms. The company continued to maintain strong balance sheet and cash flow generation. Overall, the quarter highlighted Reliance’s evolving business mix, with increasing reliance on consumer-facing segments for growth and stability.",Company Filings
19-01-2024,Reliance Industries,"Reliance Industries reported moderate earnings growth with pressure on margins due to weaker refining margins and global demand slowdown. However, Jio and retail segments continued to deliver steady performance, supporting overall profitability. Digital services saw growth in ARPU and subscriber base, while retail maintained strong revenue growth. The company continued to invest heavily in renewable energy and digital infrastructure. Management highlighted challenges in global energy markets but remained optimistic about long-term growth in consumer businesses. Overall, the quarter reflected a balanced performance, with diversified business model helping offset cyclical pressures in core energy segment.",Reuters
22-04-2024,Reliance Industries,"Reliance Industries reported strong quarterly results with revenue growth supported by O2C recovery and continued strength in retail and digital segments. Jio recorded strong profit growth driven by subscriber additions and tariff improvements, while retail delivered improved margins through efficiency gains. However, overall profitability remained impacted by rising costs and global uncertainties. Management highlighted continued investments in renewable energy, including solar manufacturing and hydrogen ecosystem development. Overall, the quarter reflected resilience and diversification, with strong performance in consumer businesses offsetting volatility in energy segment. (Reuters)",Reuters
25-04-2025,Reliance Industries,"Reliance Industries reported strong quarterly earnings with growth driven by retail and digital segments, which offset weakness in the O2C business due to lower margins. Jio delivered strong EBITDA growth supported by tariff hikes and improved ARPU, while retail saw efficiency-led profit expansion. The company continued to invest in renewable energy infrastructure, including solar manufacturing capacity. However, energy segment performance remained volatile due to global macro conditions. Management emphasized long-term transformation toward green energy and digital ecosystem. Overall, the quarter reflected structural shift in earnings composition, with consumer businesses becoming primary growth drivers. (Reuters)",Reuters
18-07-2025,Reliance Industries,"Reliance Industries reported steady earnings growth with continued expansion in telecom and retail segments. Jio maintained strong subscriber growth and monetization, while retail continued to scale operations. The O2C segment showed mixed performance due to fluctuating global energy prices and margin pressures. The company maintained strong cash flows and continued investments in renewable energy and advanced technology initiatives. Management highlighted focus on long-term growth through diversification into new energy, AI, and digital platforms. Overall, the quarter reflected stable performance with evolving business mix, as Reliance continued its transition toward a multi-sector growth model.",Company Filings
15-01-2016,INFY,"INFY reported steady quarterly performance with moderate revenue growth supported by strong demand from global clients, particularly in BFSI and retail sectors. Net profit increased year-on-year, reflecting stable operating margins and efficient cost management. The company continued to focus on large deal wins, ensuring strong revenue visibility. However, management highlighted emerging challenges from global macroeconomic uncertainty and pricing pressure in traditional IT services. Digital services such as cloud, analytics, and automation started gaining traction, though still a smaller share of total revenue. Employee productivity remained stable, while attrition was under control. Overall, the quarter reflected a stable performance phase, with INFY maintaining consistent profitability while gradually transitioning toward digital services to adapt to evolving client requirements. (Reuters)",Reuters / Company Filings
15-07-2016,INFY,"INFY reported strong revenue growth driven by robust demand across key markets, with revenues rising significantly year-on-year. Operating margins remained stable, supported by cost control and efficient delivery models. Digital services continued to gain momentum, contributing increasingly to new deal wins. However, management noted early signs of pricing pressure in legacy outsourcing services due to automation trends. The company maintained a strong deal pipeline and continued to invest in technology capabilities to support digital transformation. Despite global uncertainty, INFY demonstrated resilience with steady earnings growth and stable profitability. Overall, the quarter reflected a balanced performance with gradual shift toward higher-value services while maintaining stability in core operations. (INFY)",Economic Times
13-01-2017,INFY,"INFY reported steady earnings with moderate growth as global IT spending remained cautious. Digital services emerged as a key growth driver, contributing significantly to revenue and deal wins. However, traditional services faced slower growth due to automation and changing client preferences. Operating margins remained stable, supported by cost optimization initiatives. Management emphasized strong pipeline of large deals and continued investment in digital capabilities. The company maintained strong cash flows and shareholder returns. Overall, the quarter reflected a transition phase, where INFY was gradually shifting from traditional outsourcing to digital-led growth while maintaining financial stability.",Business Standard
18-08-2017,INFY,"INFY reported quarterly performance overshadowed by major governance crisis as CEO Vishal Sikka resigned amid disputes with founders. While financial performance remained stable with steady revenue growth and margins, investor sentiment was impacted significantly. Digital services continued to grow, but uncertainty around leadership raised concerns about strategic direction. Management emphasized continuity of operations and commitment to long-term growth strategy. The company maintained strong deal pipeline and client engagement despite internal challenges. Overall, the quarter reflected operational stability but highlighted governance risks, marking a critical turning point in INFY’s growth trajectory.",Reuters
12-01-2018,INFY,"INFY reported stable earnings under new CEO Salil Parekh, with steady revenue growth and improved client engagement. Digital services continued to expand, contributing significantly to new business. Operating margins remained stable, supported by cost discipline. Management focused on simplifying operations and divesting non-core assets to improve efficiency. Deal pipeline strengthened, with increased large contract wins. Employee attrition remained under control, reflecting improving organizational stability. Overall, the quarter marked the beginning of recovery phase, with INFY stabilizing operations and regaining investor confidence after governance challenges. (INFY)",Company Filings
13-07-2018,INFY,"INFY reported improved quarterly performance with stronger revenue growth driven by digital services and large deal wins. Operating margins remained stable despite investments in talent and technology. The company continued to strengthen its position in cloud, analytics, and automation services. Management highlighted improved client engagement and stronger pipeline of transformation deals. Cost efficiency initiatives supported profitability. Overall, the quarter reflected a clear recovery trajectory, with INFY regaining growth momentum and executing its digital strategy effectively under new leadership.",Reuters
11-01-2019,INFY,"INFY delivered strong earnings with consistent revenue growth supported by large deal wins and increasing contribution from digital services. Operating margins remained stable, reflecting operational efficiency and cost control. The company benefited from strong demand across key sectors, particularly BFSI. Management emphasized continued focus on digital transformation and innovation. Deal pipeline remained robust, ensuring future growth visibility. Overall, the quarter reflected strong execution and stability, with INFY successfully transitioning into a digital-focused IT services company.",Economic Times
10-01-2020,INFY,"INFY reported strong quarterly performance with steady revenue growth and improving margins, driven by strong demand for digital services and large deal wins. The company maintained strong cash flows and operational efficiency. Digital services contributed a significant portion of revenues, reflecting successful strategy execution. Management highlighted continued focus on client engagement and innovation. Overall, the quarter reflected a mature growth phase, with INFY maintaining consistent performance and strengthening its position in global IT services market.",Business Standard
15-04-2020,INFY,"INFY reported resilient performance during the COVID-19 period, with stable revenue and margins despite global disruptions. The company quickly transitioned to remote working model, ensuring business continuity. Demand for digital services remained strong as clients accelerated technology adoption. However, management highlighted uncertainty in client spending and delayed decision-making. Cost control measures supported profitability. Overall, the quarter demonstrated operational resilience and adaptability, with INFY maintaining stability during unprecedented global challenges.",Reuters
15-07-2020,INFY,"INFY reported stable earnings with modest growth as digital demand continued to offset weakness in traditional services during the pandemic. The company saw strong traction in cloud and digital transformation projects. Operating margins remained stable due to cost optimization and improved utilization. Management maintained cautious outlook due to global uncertainty but highlighted strong deal pipeline. Overall, the quarter reflected resilience and adaptability, with INFY maintaining growth momentum despite challenging economic conditions.",Economic Times
14-04-2021,INFY,"INFY reported strong quarterly performance driven by robust demand for digital transformation services as global enterprises accelerated technology adoption post-COVID. Revenue growth was broad-based across geographies, particularly in financial services and retail sectors. Operating margins remained stable despite increased hiring and wage costs. Large deal wins remained strong, ensuring future revenue visibility. Digital services, including cloud, analytics, and automation, became the primary growth driver. Management highlighted strong client engagement and increased spending on transformation programs. However, early signs of rising attrition and talent shortages began to emerge. Overall, the quarter reflected peak demand conditions in the IT sector, with INFY benefiting from strong global technology spending and executing effectively on its digital strategy.",Company Filings / Reuters
13-01-2022,INFY,"INFY reported strong earnings growth with continued momentum in large deal wins and digital services expansion. Revenue growth remained strong, supported by cloud adoption and enterprise transformation projects. Operating margins were slightly impacted by rising employee costs and supply-side challenges, including high attrition levels. Management highlighted strong demand across key markets, particularly North America. The company continued aggressive hiring to meet client requirements. Digital services contributed a significant portion of revenues, reinforcing strategic shift from traditional outsourcing. Overall, the quarter reflected sustained growth momentum in a favorable demand environment, though cost pressures and talent constraints emerged as key challenges for maintaining margins.",Economic Times
13-04-2022,INFY,"INFY reported strong quarterly and annual performance with significant growth driven by digital transformation demand. Large deal bookings remained robust, ensuring revenue visibility. Operating margins faced slight pressure due to wage hikes and hiring costs. Management highlighted continued strong demand across sectors but noted early signs of macroeconomic uncertainty. The company maintained strong cash generation and shareholder returns. Digital services accounted for a large share of revenue, indicating successful strategic transformation. Overall, the quarter represented peak performance for INFY, supported by strong global IT spending, while management began preparing for potential demand moderation.",Company Filings
20-07-2023,INFY,"INFY reported moderate earnings growth with clear signs of slowdown in global IT demand, particularly in discretionary spending. Revenue growth declined compared to previous years as clients delayed decision-making amid macroeconomic uncertainty. Operating margins remained stable but faced pressure due to lower utilization and pricing challenges. The company continued to secure large deals, though deal conversion cycles lengthened. Management emphasized cost control and operational efficiency. BFSI segment remained relatively resilient, while retail and technology sectors weakened. Overall, the quarter marked a transition from high-growth phase to normalization, with INFY maintaining stability despite emerging headwinds.",Reuters
12-10-2023,INFY,"INFY reported steady earnings with continued deal wins but slower revenue growth due to cautious client spending. Digital services remained the core growth driver, though at a slower pace. Operating margins remained stable due to cost optimization measures. Management highlighted strong deal pipeline and long-term demand for digital transformation. However, discretionary spending remained weak across sectors. The company focused on improving productivity and managing costs. Overall, the quarter reflected resilience but highlighted ongoing slowdown in IT spending, requiring a more cautious growth approach.",Business Standard
18-04-2024,INFY,"INFY reported moderate performance with weaker-than-expected outlook due to slowdown in global IT spending. Revenue growth remained subdued as clients reduced discretionary spending and delayed projects. Operating margins faced pressure from pricing challenges and lower utilization. Management highlighted cautious outlook, reflecting uncertain macroeconomic conditions. However, large deal wins provided some visibility for future growth. Digital services continued to support revenues, though growth slowed. Overall, the quarter reflected challenging conditions for the IT sector, with INFY navigating slowdown while maintaining operational stability. (Reuters)",Reuters
18-07-2024,INFY,"INFY reported steady earnings with slight improvement in demand conditions and strong deal wins. Revenue growth remained moderate but exceeded expectations, leading the company to raise its annual growth guidance. Digital services and cloud transformation continued to drive business. Operating margins remained stable despite ongoing cost pressures. Management highlighted improving pipeline and stabilization in client spending. Overall, the quarter reflected early signs of recovery, with INFY benefiting from strong execution and improving demand outlook. (Reuters)",Reuters
16-01-2025,INFY,"INFY reported strong quarterly performance with improved revenue growth and upward revision of annual guidance. Growth was driven by strong performance in financial services and increased demand in the United States market. Large deal wins remained strong, supporting revenue visibility. Operating margins remained stable, supported by cost efficiency measures. Management highlighted improving demand environment and strong client engagement. Overall, the quarter reflected recovery in IT spending, with INFY regaining growth momentum after a period of slowdown. (Reuters)",Reuters
23-07-2025,INFY,"INFY reported steady earnings with revenue growth of around 7–8% year-on-year, supported by large deal wins and strong digital demand. Net profit increased, reflecting operational efficiency and strong execution. However, management maintained cautious outlook due to global uncertainties. Digital and AI-led services emerged as key growth drivers. The company continued to generate strong cash flows and maintain a strong balance sheet. Overall, the quarter reflected stable performance with gradual recovery in demand, though macroeconomic risks remained. (Reuters)",Reuters
16-10-2025,INFY,"INFY reported strong quarterly performance with revenue growth of around 8.5% and profit growth exceeding expectations. However, the company narrowed its annual revenue guidance due to ongoing macroeconomic uncertainty and cautious client spending. Large deal bookings remained strong, though slightly lower sequentially. Operating margins remained stable. Management highlighted continued focus on cost efficiency and large deal execution. Overall, the quarter reflected stable execution with cautious outlook, balancing strong operational performance with uncertain global demand conditions. (Reuters)",Reuters
